[{"num": "", "url": "url", "start_time": "start", "end": "end", "subtitle": "subtitle"}, {"num": "0", "url": "https://www.youtube.com/watch?v=bsFZpLNwueY&index=2&list=PLI6bDyv0uVQBDIuRCrzQGFF2WaXIXvjb5", "start_time": "00:00:14,117", "end": "00:00:20,096", "subtitle": "(\ubc15\uc218\uc640 \ud658\ud638)"}, {"num": "113", "url": "https://www.youtube.com/watch?v=bsFZpLNwueY&index=2&list=PLI6bDyv0uVQBDIuRCrzQGFF2WaXIXvjb5", "start_time": "00:07:03,815", "end": "00:07:06,843", "subtitle": "\uc5f0\uc608\uc778\uc740 \uc544\uc8fc \uc5b4\ub838\uc744 \ub54c\ubd80\ud130 \ubc15\uc218 \uc18c\ub9ac"}, {"num": "114", "url": "https://www.youtube.com/watch?v=bsFZpLNwueY&index=2&list=PLI6bDyv0uVQBDIuRCrzQGFF2WaXIXvjb5", "start_time": "00:07:06,843", "end": "00:07:10,583", "subtitle": "\ub370\ubdd4\ub97c \uc5b4\ub838\uc744 \ub54c \ud55c \uce5c\uad6c\ub4e4\uc740 \ubc15\uc218 \uc18c\ub9ac\ub85c \uc790\uc544\uac00 \uacb0\uc815\uc774 \ub3fc\uc694"}, {"num": "115", "url": "https://www.youtube.com/watch?v=bsFZpLNwueY&index=2&list=PLI6bDyv0uVQBDIuRCrzQGFF2WaXIXvjb5", "start_time": "00:07:10,583", "end": "00:07:14,670", "subtitle": "\uc5ec\ub7ec\ubd84\uc774 \ubc15\uc218\ub97c \ud06c\uac8c \uccd0\uc8fc\uc2dc\uba74 \uc6b0\ub9ac\ub294 \uad49\uc7a5\ud788 \ubab8\uc9d1\uc774 \ubd80\ud480\ub824\uc838\uc694"}, {"num": "120", "url": "https://www.youtube.com/watch?v=bsFZpLNwueY&index=2&list=PLI6bDyv0uVQBDIuRCrzQGFF2WaXIXvjb5", "start_time": "00:07:27,099", "end": "00:07:31,249", "subtitle": "\uc544\uc6c3\ud48b(output)\uc774 \uc788\uc5b4\uc57c \ubc15\uc218 \uc18c\ub9ac\uac00 \uc788\uace0 \uc778\uc815\ud558\ub294 \ub208\uae38\uc774 \uc788\uace0"}, {"num": "341", "url": "https://www.youtube.com/watch?v=bsFZpLNwueY&index=2&list=PLI6bDyv0uVQBDIuRCrzQGFF2WaXIXvjb5", "start_time": "00:19:53,900", "end": "00:19:56,389", "subtitle": "(\uc190\ud0a4\uc2a4) (\ubc15\uc218\uc640 \ud658\ud638)"}, {"num": "342", "url": "https://www.youtube.com/watch?v=nos-aVtxvGo&index=3&list=PLI6bDyv0uVQBDIuRCrzQGFF2WaXIXvjb5", "start_time": "00:00:05,300", "end": "00:00:10,202", "subtitle": "(\ubc15\uc218\uc640 \ud658\ud638)"}, {"num": "580", "url": "https://www.youtube.com/watch?v=gujoyMHgVG4&index=4&list=PLI6bDyv0uVQBDIuRCrzQGFF2WaXIXvjb5", "start_time": "00:00:08,641", "end": "00:00:15,163", "subtitle": "(\ubc15\uc218\uc640 \ud658\ud638\uc131)"}, {"num": "588", "url": "https://www.youtube.com/watch?v=gujoyMHgVG4&index=4&list=PLI6bDyv0uVQBDIuRCrzQGFF2WaXIXvjb5", "start_time": "00:00:54,913", "end": "00:01:00,547", "subtitle": "(\ubc15\uc218! \uc6b0\uc640!)"}, {"num": "800", "url": "https://www.youtube.com/watch?v=gujoyMHgVG4&index=4&list=PLI6bDyv0uVQBDIuRCrzQGFF2WaXIXvjb5", "start_time": "00:15:50,747", "end": "00:15:56,708", "subtitle": "(\ubc15\uc218)"}, {"num": "813", "url": "https://www.youtube.com/watch?v=gujoyMHgVG4&index=4&list=PLI6bDyv0uVQBDIuRCrzQGFF2WaXIXvjb5", "start_time": "00:17:00,389", "end": "00:17:01,834", "subtitle": "(\ubc15\uc218\uc640 \ud658\ud638)"}, {"num": "815", "url": "https://www.youtube.com/watch?v=RvMjD8Qmnws&list=PLI6bDyv0uVQBDIuRCrzQGFF2WaXIXvjb5&index=5", "start_time": "00:00:04,851", "end": "00:00:14,420", "subtitle": "(\ubc15\uc218\uc640 \ud658\ud638)"}, {"num": "823", "url": "https://www.youtube.com/watch?v=RvMjD8Qmnws&list=PLI6bDyv0uVQBDIuRCrzQGFF2WaXIXvjb5&index=5", "start_time": "00:00:38,131", "end": "00:00:39,781", "subtitle": "(\ubc15\uc218)"}, {"num": "924", "url": "https://www.youtube.com/watch?v=RvMjD8Qmnws&list=PLI6bDyv0uVQBDIuRCrzQGFF2WaXIXvjb5&index=5", "start_time": "00:06:48,668", "end": "00:06:53,508", "subtitle": "(\ubc15\uc218)"}, {"num": "935", "url": "https://www.youtube.com/watch?v=RvMjD8Qmnws&list=PLI6bDyv0uVQBDIuRCrzQGFF2WaXIXvjb5&index=5", "start_time": "00:07:29,629", "end": "00:07:34,509", "subtitle": "(\ubc15\uc218)"}, {"num": "1053", "url": "https://www.youtube.com/watch?v=RvMjD8Qmnws&list=PLI6bDyv0uVQBDIuRCrzQGFF2WaXIXvjb5&index=5", "start_time": "00:14:22,632", "end": "00:14:31,672", "subtitle": "(\ubc15\uc218)"}, {"num": "1073", "url": "https://www.youtube.com/watch?v=RvMjD8Qmnws&list=PLI6bDyv0uVQBDIuRCrzQGFF2WaXIXvjb5&index=5", "start_time": "00:15:29,884", "end": "00:15:33,535", "subtitle": "(\ubc15\uc218\uc640 \ud658\ud638)"}, {"num": "1074", "url": "https://www.youtube.com/watch?v=4RIAXlLt95w&index=6&list=PLI6bDyv0uVQBDIuRCrzQGFF2WaXIXvjb5", "start_time": "00:00:04,510", "end": "00:00:10,074", "subtitle": "(\ubc15\uc218\uc640 \ud658\ud638)"}, {"num": "1368", "url": "https://www.youtube.com/watch?v=WCVuo3xUr7U&list=PLI6bDyv0uVQBDIuRCrzQGFF2WaXIXvjb5&index=7", "start_time": "00:00:11,175", "end": "00:00:18,460", "subtitle": "(\ubc15\uc218\uc640 \ud658\ud638)"}, {"num": "2049", "url": "https://www.youtube.com/watch?v=qI2-jjMmV8M&index=9&list=PLI6bDyv0uVQBDIuRCrzQGFF2WaXIXvjb5", "start_time": "00:00:04,355", "end": "00:00:13,452", "subtitle": "(\ubc15\uc218\uc640 \ud658\ud638)"}, {"num": "2063", "url": "https://www.youtube.com/watch?v=qI2-jjMmV8M&index=9&list=PLI6bDyv0uVQBDIuRCrzQGFF2WaXIXvjb5", "start_time": "00:00:55,358", "end": "00:00:57,962", "subtitle": "\uadf8\ub807\uac8c \uacf5\uac10\ud558\uc2dc\ub294 \ubd84\ub4e4  \ub2e4\uc2dc \ud55c\ubc88 \ubc15\uc218\ub85c \ud55c \ubc88 \uc751\uc6d0\ud574 \ubcfc\uae4c\uc694?"}, {"num": "2064", "url": "https://www.youtube.com/watch?v=qI2-jjMmV8M&index=9&list=PLI6bDyv0uVQBDIuRCrzQGFF2WaXIXvjb5", "start_time": "00:00:57,962", "end": "00:01:01,751", "subtitle": "(\ubc15\uc218\uc640 \ud658\ud638) \uc640\uc6b0~!"}, {"num": "2236", "url": "https://www.youtube.com/watch?v=qI2-jjMmV8M&index=9&list=PLI6bDyv0uVQBDIuRCrzQGFF2WaXIXvjb5", "start_time": "00:10:42,383", "end": "00:10:45,813", "subtitle": "(\uc6b8\ucee5) (\ubc15\uc218)"}, {"num": "2315", "url": "https://www.youtube.com/watch?v=qI2-jjMmV8M&index=9&list=PLI6bDyv0uVQBDIuRCrzQGFF2WaXIXvjb5", "start_time": "00:14:26,360", "end": "00:14:27,405", "subtitle": "\ubc15\uc218 \uccd0\ub3c4 \ub3fc\uc694"}, {"num": "2316", "url": "https://www.youtube.com/watch?v=qI2-jjMmV8M&index=9&list=PLI6bDyv0uVQBDIuRCrzQGFF2WaXIXvjb5", "start_time": "00:14:27,405", "end": "00:14:31,675", "subtitle": "(\ubc15\uc218)"}, {"num": "2339", "url": "https://www.youtube.com/watch?v=DN8KqorbBMk&index=10&list=PLI6bDyv0uVQBDIuRCrzQGFF2WaXIXvjb5", "start_time": "00:00:10,290", "end": "00:00:14,579", "subtitle": "(\ubc15\uc218\uc640 \ud658\ud638)"}, {"num": "2350", "url": "https://www.youtube.com/watch?v=DN8KqorbBMk&index=10&list=PLI6bDyv0uVQBDIuRCrzQGFF2WaXIXvjb5", "start_time": "00:00:57,457", "end": "00:01:01,451", "subtitle": "\uadf8\ub798\uc11c \uc9c0\uae08 \ubc15\uc218\ub294 \uc800\ud55c\ud14c \uce58\uc2dc\ub294 \uac8c \uc544\ub2c8\uace0"}, {"num": "2356", "url": "https://www.youtube.com/watch?v=DN8KqorbBMk&index=10&list=PLI6bDyv0uVQBDIuRCrzQGFF2WaXIXvjb5", "start_time": "00:01:15,888", "end": "00:01:21,737", "subtitle": "\ub124 (\ubc15\uc218)"}, {"num": "2445", "url": "https://www.youtube.com/watch?v=DN8KqorbBMk&index=10&list=PLI6bDyv0uVQBDIuRCrzQGFF2WaXIXvjb5", "start_time": "00:06:15,212", "end": "00:06:19,152", "subtitle": "(\ubc15\uc218)"}, {"num": "2454", "url": "https://www.youtube.com/watch?v=DN8KqorbBMk&index=10&list=PLI6bDyv0uVQBDIuRCrzQGFF2WaXIXvjb5", "start_time": "00:06:52,718", "end": "00:06:58,336", "subtitle": "(\ubc15\uc218)"}, {"num": "2644", "url": "https://www.youtube.com/watch?v=DN8KqorbBMk&index=10&list=PLI6bDyv0uVQBDIuRCrzQGFF2WaXIXvjb5", "start_time": "00:16:38,559", "end": "00:16:40,189", "subtitle": "(\ubc15\uc218\uc640 \ud658\ud638)"}, {"num": "2645", "url": "https://www.youtube.com/watch?v=IYxZkfXFo3c&list=PLI6bDyv0uVQBDIuRCrzQGFF2WaXIXvjb5&index=11", "start_time": "00:00:04,610", "end": "00:00:11,364", "subtitle": "(\ubc15\uc218\uc640 \ud658\ud638)"}, {"num": "2647", "url": "https://www.youtube.com/watch?v=IYxZkfXFo3c&list=PLI6bDyv0uVQBDIuRCrzQGFF2WaXIXvjb5&index=11", "start_time": "00:00:22,370", "end": "00:00:25,540", "subtitle": "(\ubc15\uc218\uc640 \ud658\ud638)"}, {"num": "2665", "url": "https://www.youtube.com/watch?v=IYxZkfXFo3c&list=PLI6bDyv0uVQBDIuRCrzQGFF2WaXIXvjb5&index=11", "start_time": "00:01:39,281", "end": "00:01:44,630", "subtitle": "\uc800\ub294 ... (\ubc15\uc218) \ub124, \uace0\ub9d9\uc2b5\ub2c8\ub2e4 (\ubc15\uc218)"}, {"num": "2812", "url": "https://www.youtube.com/watch?v=IYxZkfXFo3c&list=PLI6bDyv0uVQBDIuRCrzQGFF2WaXIXvjb5&index=11", "start_time": "00:12:56,429", "end": "00:12:59,798", "subtitle": "(\ubc15\uc218)"}, {"num": "2876", "url": "https://www.youtube.com/watch?v=IYxZkfXFo3c&list=PLI6bDyv0uVQBDIuRCrzQGFF2WaXIXvjb5&index=11", "start_time": "00:17:57,554", "end": "00:17:59,342", "subtitle": "(\ubc15\uc218\uc640 \ud658\ud638)"}, {"num": "2877", "url": "https://www.youtube.com/watch?v=5wfnrEbXsxE&list=PLI6bDyv0uVQBDIuRCrzQGFF2WaXIXvjb5&index=12", "start_time": "00:00:05,013", "end": "00:00:10,053", "subtitle": "(\ubc15\uc218\uc640 \ud658\ud638)"}, {"num": "2901", "url": "https://www.youtube.com/watch?v=5wfnrEbXsxE&list=PLI6bDyv0uVQBDIuRCrzQGFF2WaXIXvjb5&index=12", "start_time": "00:01:40,627", "end": "00:01:45,407", "subtitle": "\"\ub108\ub294 \uc65c ...\" (\ud658\ud638\uc640 \ubc15\uc218) \ud558\ud558\ud558"}, {"num": "2930", "url": "https://www.youtube.com/watch?v=5wfnrEbXsxE&list=PLI6bDyv0uVQBDIuRCrzQGFF2WaXIXvjb5&index=12", "start_time": "00:03:06,089", "end": "00:03:10,471", "subtitle": "(\ubc15\uc218\uc640 \ud658\ud638)"}, {"num": "2948", "url": "https://www.youtube.com/watch?v=5wfnrEbXsxE&list=PLI6bDyv0uVQBDIuRCrzQGFF2WaXIXvjb5&index=12", "start_time": "00:03:56,223", "end": "00:03:58,591", "subtitle": "(\ubc15\uc218\uc640 \ud658\ud638) \ub9c9 \uadf8\ub7ec\ub294 \uac70\uc608\uc694"}, {"num": "2953", "url": "https://www.youtube.com/watch?v=5wfnrEbXsxE&list=PLI6bDyv0uVQBDIuRCrzQGFF2WaXIXvjb5&index=12", "start_time": "00:04:11,573", "end": "00:04:15,083", "subtitle": "(\ubc15\uc218\uc640 \ud658\ud638)"}, {"num": "3093", "url": "https://www.youtube.com/watch?v=5wfnrEbXsxE&list=PLI6bDyv0uVQBDIuRCrzQGFF2WaXIXvjb5&index=12", "start_time": "00:11:17,547", "end": "00:11:20,497", "subtitle": "(\ubc15\uc218\uc640 \ud658\ud638)"}, {"num": "3114", "url": "https://www.youtube.com/watch?v=5wfnrEbXsxE&list=PLI6bDyv0uVQBDIuRCrzQGFF2WaXIXvjb5&index=12", "start_time": "00:12:27,469", "end": "00:12:31,007", "subtitle": "(\ubc15\uc218\uc640 \ud658\ud638)"}, {"num": "3126", "url": "https://www.youtube.com/watch?v=5wfnrEbXsxE&list=PLI6bDyv0uVQBDIuRCrzQGFF2WaXIXvjb5&index=12", "start_time": "00:13:11,972", "end": "00:13:17,183", "subtitle": "(\ubc15\uc218\uc640 \ud658\ud638)"}, {"num": "3140", "url": "https://www.youtube.com/watch?v=5wfnrEbXsxE&list=PLI6bDyv0uVQBDIuRCrzQGFF2WaXIXvjb5&index=12", "start_time": "00:13:57,873", "end": "00:14:00,681", "subtitle": "\ubc15\uc218\uce58\uc9c0 \ub9c8\uc138\uc694 \uc774\uac70 \ubb50 \uc790\ub791\uc2a4\ub7ec\uc6b4 \uc77c\ub3c4 \uc544\ub2c8\uace0\uc694"}, {"num": "3141", "url": "https://www.youtube.com/watch?v=5wfnrEbXsxE&list=PLI6bDyv0uVQBDIuRCrzQGFF2WaXIXvjb5&index=12", "start_time": "00:14:00,681", "end": "00:14:02,732", "subtitle": "\uc5ec\ub7ec\ubd84 \ubc15\uc218\uce58\uba74 \ub098 \uc6b8\uc9c0\ub3c4 \ubab0\ub77c\uc694"}, {"num": "3174", "url": "https://www.youtube.com/watch?v=5wfnrEbXsxE&list=PLI6bDyv0uVQBDIuRCrzQGFF2WaXIXvjb5&index=12", "start_time": "00:15:39,737", "end": "00:15:47,150", "subtitle": "(\ubc15\uc218\uc640 \ud658\ud638)"}, {"num": "3196", "url": "https://www.youtube.com/watch?v=5wfnrEbXsxE&list=PLI6bDyv0uVQBDIuRCrzQGFF2WaXIXvjb5&index=12", "start_time": "00:16:55,606", "end": "00:16:56,799", "subtitle": "(\ubc15\uc218\uc640 \ud658\ud638)"}, {"num": "3197", "url": "https://www.youtube.com/watch?v=qMR6q4GE-H8&list=PLI6bDyv0uVQBDIuRCrzQGFF2WaXIXvjb5&index=13", "start_time": "00:00:10,460", "end": "00:00:20,000", "subtitle": "(\ubc15\uc218\uc640 \ud568\uc131)"}, {"num": "3260", "url": "https://www.youtube.com/watch?v=qMR6q4GE-H8&list=PLI6bDyv0uVQBDIuRCrzQGFF2WaXIXvjb5&index=13", "start_time": "00:04:35,456", "end": "00:04:40,284", "subtitle": "(\ubc15\uc218\uc640 \uc6c3\uc74c)"}, {"num": "3451", "url": "https://www.youtube.com/watch?v=qMR6q4GE-H8&list=PLI6bDyv0uVQBDIuRCrzQGFF2WaXIXvjb5&index=13", "start_time": "00:16:13,683", "end": "00:16:15,823", "subtitle": "(\ubc15\uc218\uc640 \ud658\ud638)"}, {"num": "3712", "url": "https://www.youtube.com/watch?v=GhbTQenkOA4&index=14&list=PLI6bDyv0uVQBDIuRCrzQGFF2WaXIXvjb5", "start_time": "00:15:29,405", "end": "00:15:35,327", "subtitle": "(\ubc15\uc218)"}, {"num": "3713", "url": "https://www.youtube.com/watch?v=g7JDyhS7Ahk&index=15&list=PLI6bDyv0uVQBDIuRCrzQGFF2WaXIXvjb5", "start_time": "00:00:15,941", "end": "00:00:20,680", "subtitle": "(\ubc15\uc218\uc640 \ud658\ud638)"}, {"num": "3869", "url": "https://www.youtube.com/watch?v=g7JDyhS7Ahk&index=15&list=PLI6bDyv0uVQBDIuRCrzQGFF2WaXIXvjb5", "start_time": "00:10:17,856", "end": "00:10:20,780", "subtitle": "\uc544\ub2c8 \uc774\ub7f0 \ubc15\uc218 \ubc1b\uace0 \uc2f6\uc9c0 \uc54a\uc544\uc694"}, {"num": "3870", "url": "https://www.youtube.com/watch?v=g7JDyhS7Ahk&index=15&list=PLI6bDyv0uVQBDIuRCrzQGFF2WaXIXvjb5", "start_time": "00:10:20,780", "end": "00:10:25,020", "subtitle": "(\ubc15\uc218\uc640 \ud658\ud638)"}, {"num": "3966", "url": "https://www.youtube.com/watch?v=2M9jJJqugvY&list=PLI6bDyv0uVQBDIuRCrzQGFF2WaXIXvjb5&index=16", "start_time": "00:00:05,052", "end": "00:00:10,360", "subtitle": "(\ubc15\uc218\uc640 \ud658\ud638)"}, {"num": "4294", "url": "https://www.youtube.com/watch?v=2M9jJJqugvY&list=PLI6bDyv0uVQBDIuRCrzQGFF2WaXIXvjb5&index=16", "start_time": "00:15:55,083", "end": "00:15:56,449", "subtitle": "(\ubc15\uc218)"}, {"num": "4582", "url": "https://www.youtube.com/watch?v=AjkRxUjkTWE&index=18&list=PLI6bDyv0uVQBDIuRCrzQGFF2WaXIXvjb5", "start_time": "00:00:04,967", "end": "00:00:10,029", "subtitle": "(\ubc15\uc218\uc640 \ud658\ud638)"}, {"num": "5211", "url": "https://www.youtube.com/watch?v=sFe6KEWsYuU&list=PLI6bDyv0uVQBDIuRCrzQGFF2WaXIXvjb5&index=20", "start_time": "00:12:08,969", "end": "00:12:13,636", "subtitle": "(\uc6c3\uc74c\uacfc \ubc15\uc218)"}, {"num": "5218", "url": "https://www.youtube.com/watch?v=sFe6KEWsYuU&list=PLI6bDyv0uVQBDIuRCrzQGFF2WaXIXvjb5&index=20", "start_time": "00:12:40,205", "end": "00:12:42,702", "subtitle": "(\ubc15\uc218)"}, {"num": "5239", "url": "https://www.youtube.com/watch?v=sFe6KEWsYuU&list=PLI6bDyv0uVQBDIuRCrzQGFF2WaXIXvjb5&index=20", "start_time": "00:14:01,114", "end": "00:14:03,390", "subtitle": "(\ubc15\uc218)"}, {"num": "5271", "url": "https://www.youtube.com/watch?v=YjCJNxE0xfo&index=21&list=PLI6bDyv0uVQBDIuRCrzQGFF2WaXIXvjb5", "start_time": "00:00:20,741", "end": "00:00:23,631", "subtitle": "(\ubc15\uc218)"}, {"num": "5436", "url": "https://www.youtube.com/watch?v=YjCJNxE0xfo&index=21&list=PLI6bDyv0uVQBDIuRCrzQGFF2WaXIXvjb5", "start_time": "00:10:53,400", "end": "00:10:57,880", "subtitle": "(\uc6c3\uc74c\uacfc \ubc15\uc218)"}, {"num": "5450", "url": "https://www.youtube.com/watch?v=YjCJNxE0xfo&index=21&list=PLI6bDyv0uVQBDIuRCrzQGFF2WaXIXvjb5", "start_time": "00:11:54,489", "end": "00:11:56,269", "subtitle": "(\ubc15\uc218)"}, {"num": "5683", "url": "https://www.youtube.com/watch?v=UFycbeuC5TM&index=22&list=PLI6bDyv0uVQBDIuRCrzQGFF2WaXIXvjb5", "start_time": "00:13:21,131", "end": "00:13:24,001", "subtitle": "\ubc15\uc218 \uc18c\ub9ac \uc790\uccb4\uac00 \ud2c0\ub824\uc694"}, {"num": "5716", "url": "https://www.youtube.com/watch?v=qF5eNU85Yz8&list=PLI6bDyv0uVQBDIuRCrzQGFF2WaXIXvjb5&index=23", "start_time": "00:00:01,133", "end": "00:00:08,340", "subtitle": "(\uad00\uac1d : \ubc15\uc218)"}, {"num": "5933", "url": "https://www.youtube.com/watch?v=S27Z_-S_aLI&index=24&list=PLI6bDyv0uVQBDIuRCrzQGFF2WaXIXvjb5", "start_time": "00:00:58,198", "end": "00:01:02,928", "subtitle": "(\uaca9\ub824\uc758 \ubc15\uc218)"}, {"num": "6113", "url": "https://www.youtube.com/watch?v=S27Z_-S_aLI&index=24&list=PLI6bDyv0uVQBDIuRCrzQGFF2WaXIXvjb5", "start_time": "00:14:16,425", "end": "00:14:21,522", "subtitle": "(\ubc15\uc218\uc640 \ud658\ud638)"}, {"num": "6163", "url": "https://www.youtube.com/watch?v=1Y4fnr-mrGw&list=PLI6bDyv0uVQBDIuRCrzQGFF2WaXIXvjb5&index=25", "start_time": "00:01:20,919", "end": "00:01:24,968", "subtitle": "(\ubc15\uc218 \uc18c\ub9ac)"}, {"num": "6173", "url": "https://www.youtube.com/watch?v=1Y4fnr-mrGw&list=PLI6bDyv0uVQBDIuRCrzQGFF2WaXIXvjb5&index=25", "start_time": "00:01:57,116", "end": "00:02:02,644", "subtitle": "(\ubc15\uc218\uc18c\ub9ac)"}, {"num": "6263", "url": "https://www.youtube.com/watch?v=1Y4fnr-mrGw&list=PLI6bDyv0uVQBDIuRCrzQGFF2WaXIXvjb5&index=25", "start_time": "00:07:22,486", "end": "00:07:26,925", "subtitle": "(\ubc15\uc218 \uc18c\ub9ac)"}, {"num": "6341", "url": "https://www.youtube.com/watch?v=1Y4fnr-mrGw&list=PLI6bDyv0uVQBDIuRCrzQGFF2WaXIXvjb5&index=25", "start_time": "00:11:34,796", "end": "00:11:36,580", "subtitle": "(\ubc15\uc218 \uc18c\ub9ac)"}, {"num": "6366", "url": "https://www.youtube.com/watch?v=1Y4fnr-mrGw&list=PLI6bDyv0uVQBDIuRCrzQGFF2WaXIXvjb5&index=25", "start_time": "00:12:48,502", "end": "00:12:49,732", "subtitle": "(\ubc15\uc218 \uc18c\ub9ac)"}, {"num": "6425", "url": "https://www.youtube.com/watch?v=hq8QMn33F-s&list=PLI6bDyv0uVQBDIuRCrzQGFF2WaXIXvjb5&index=26", "start_time": "00:01:20,919", "end": "00:01:24,968", "subtitle": "(\ubc15\uc218 \uc18c\ub9ac)"}, {"num": "6435", "url": "https://www.youtube.com/watch?v=hq8QMn33F-s&list=PLI6bDyv0uVQBDIuRCrzQGFF2WaXIXvjb5&index=26", "start_time": "00:01:57,116", "end": "00:02:02,644", "subtitle": "(\ubc15\uc218\uc18c\ub9ac)"}, {"num": "6525", "url": "https://www.youtube.com/watch?v=hq8QMn33F-s&list=PLI6bDyv0uVQBDIuRCrzQGFF2WaXIXvjb5&index=26", "start_time": "00:07:22,486", "end": "00:07:26,925", "subtitle": "(\ubc15\uc218 \uc18c\ub9ac)"}, {"num": "6603", "url": "https://www.youtube.com/watch?v=hq8QMn33F-s&list=PLI6bDyv0uVQBDIuRCrzQGFF2WaXIXvjb5&index=26", "start_time": "00:11:34,796", "end": "00:11:36,580", "subtitle": "(\ubc15\uc218 \uc18c\ub9ac)"}, {"num": "6628", "url": "https://www.youtube.com/watch?v=hq8QMn33F-s&list=PLI6bDyv0uVQBDIuRCrzQGFF2WaXIXvjb5&index=26", "start_time": "00:12:48,502", "end": "00:12:49,732", "subtitle": "(\ubc15\uc218 \uc18c\ub9ac)"}, {"num": "6745", "url": "https://www.youtube.com/watch?v=mknNRMAc0Zg&index=27&list=PLI6bDyv0uVQBDIuRCrzQGFF2WaXIXvjb5", "start_time": "00:04:13,433", "end": "00:04:18,366", "subtitle": "(\ubc15\uc218)"}, {"num": "6831", "url": "https://www.youtube.com/watch?v=mknNRMAc0Zg&index=27&list=PLI6bDyv0uVQBDIuRCrzQGFF2WaXIXvjb5", "start_time": "00:08:52,541", "end": "00:08:59,236", "subtitle": "(\ubc15\uc218) \ub124.. \uac10\uc0ac\ud569\ub2c8\ub2e4."}, {"num": "6857", "url": "https://www.youtube.com/watch?v=mknNRMAc0Zg&index=27&list=PLI6bDyv0uVQBDIuRCrzQGFF2WaXIXvjb5", "start_time": "00:10:23,396", "end": "00:10:30,367", "subtitle": "(\ubc15\uc218)"}, {"num": "6878", "url": "https://www.youtube.com/watch?v=mknNRMAc0Zg&index=27&list=PLI6bDyv0uVQBDIuRCrzQGFF2WaXIXvjb5", "start_time": "00:11:41,110", "end": "00:11:42,964", "subtitle": "(\ubc15\uc218)"}, {"num": "6880", "url": "https://www.youtube.com/watch?v=mknNRMAc0Zg&index=27&list=PLI6bDyv0uVQBDIuRCrzQGFF2WaXIXvjb5", "start_time": "00:11:46,366", "end": "00:11:50,637", "subtitle": "(\ubc15\uc218, \ud658\ud638)"}, {"num": "6887", "url": "https://www.youtube.com/watch?v=bMz2ckG4VGE&index=28&list=PLI6bDyv0uVQBDIuRCrzQGFF2WaXIXvjb5", "start_time": "00:00:05,551", "end": "00:00:08,991", "subtitle": "(\ubc15\uc218\uc640 \ud658\ud638)"}, {"num": "7004", "url": "https://www.youtube.com/watch?v=bMz2ckG4VGE&index=28&list=PLI6bDyv0uVQBDIuRCrzQGFF2WaXIXvjb5", "start_time": "00:07:47,876", "end": "00:07:49,286", "subtitle": "(\ubc15\uc218)"}, {"num": "7123", "url": "https://www.youtube.com/watch?v=Y-oWM8YInjQ&list=PLI6bDyv0uVQBDIuRCrzQGFF2WaXIXvjb5&index=29", "start_time": "00:00:09,607", "end": "00:00:13,500", "subtitle": "(\ubc15\uc218\uc640 \ud658\ud638)"}, {"num": "7127", "url": "https://www.youtube.com/watch?v=Y-oWM8YInjQ&list=PLI6bDyv0uVQBDIuRCrzQGFF2WaXIXvjb5&index=29", "start_time": "00:00:23,954", "end": "00:00:26,394", "subtitle": "(\ubc15\uc218\uc640 \ud658\ud638)"}, {"num": "7209", "url": "https://www.youtube.com/watch?v=Y-oWM8YInjQ&list=PLI6bDyv0uVQBDIuRCrzQGFF2WaXIXvjb5&index=29", "start_time": "00:05:06,495", "end": "00:05:08,897", "subtitle": "(\ubc15\uc218\uc640 \ud658\ud638)"}, {"num": "7355", "url": "https://www.youtube.com/watch?v=Y-oWM8YInjQ&list=PLI6bDyv0uVQBDIuRCrzQGFF2WaXIXvjb5&index=29", "start_time": "00:13:49,608", "end": "00:13:52,538", "subtitle": "(\ubc15\uc218\uc640 \ud658\ud638)"}, {"num": "7393", "url": "https://www.youtube.com/watch?v=Y-oWM8YInjQ&list=PLI6bDyv0uVQBDIuRCrzQGFF2WaXIXvjb5&index=29", "start_time": "00:15:44,906", "end": "00:15:47,306", "subtitle": "(\ubc15\uc218\uc640 \ud658\ud638)"}, {"num": "7557", "url": "https://www.youtube.com/watch?v=87wXpvbT5-A&index=30&list=PLI6bDyv0uVQBDIuRCrzQGFF2WaXIXvjb5", "start_time": "00:13:00,385", "end": "00:13:03,045", "subtitle": "(\ubc15\uc218)"}, {"num": "7575", "url": "https://www.youtube.com/watch?v=87wXpvbT5-A&index=30&list=PLI6bDyv0uVQBDIuRCrzQGFF2WaXIXvjb5", "start_time": "00:14:46,206", "end": "00:14:48,686", "subtitle": "(\ubc15\uc218)"}, {"num": "7602", "url": "https://www.youtube.com/watch?v=3ppXm07eDFw&list=PLI6bDyv0uVQBDIuRCrzQGFF2WaXIXvjb5&index=31", "start_time": "00:00:06,252", "end": "00:00:11,516", "subtitle": "(\ubc15\uc218\uc640 \ud658\ud638)"}, {"num": "7666", "url": "https://www.youtube.com/watch?v=3ppXm07eDFw&list=PLI6bDyv0uVQBDIuRCrzQGFF2WaXIXvjb5&index=31", "start_time": "00:04:37,484", "end": "00:04:42,510", "subtitle": "(\ud658\ud638\uc640 \ubc15\uc218)"}, {"num": "7670", "url": "https://www.youtube.com/watch?v=3ppXm07eDFw&list=PLI6bDyv0uVQBDIuRCrzQGFF2WaXIXvjb5&index=31", "start_time": "00:04:58,709", "end": "00:05:01,499", "subtitle": "(\ubc15\uc218\uc640 \ud658\ud638)"}, {"num": "7759", "url": "https://www.youtube.com/watch?v=3ppXm07eDFw&list=PLI6bDyv0uVQBDIuRCrzQGFF2WaXIXvjb5&index=31", "start_time": "00:10:54,487", "end": "00:10:58,050", "subtitle": "(\ubc15\uc218\uc640 \ud658\ud638)"}, {"num": "7822", "url": "https://www.youtube.com/watch?v=3ppXm07eDFw&list=PLI6bDyv0uVQBDIuRCrzQGFF2WaXIXvjb5&index=31", "start_time": "00:15:07,004", "end": "00:15:10,504", "subtitle": "(\ubc15\uc218\uc640 \ud658\ud638)"}, {"num": "7826", "url": "https://www.youtube.com/watch?v=JnQ_aELbkQI&index=32&list=PLI6bDyv0uVQBDIuRCrzQGFF2WaXIXvjb5", "start_time": "00:00:08,688", "end": "00:00:15,759", "subtitle": "(\ubc15\uc218\uc640 \ud658\ud638)"}, {"num": "7874", "url": "https://www.youtube.com/watch?v=JnQ_aELbkQI&index=32&list=PLI6bDyv0uVQBDIuRCrzQGFF2WaXIXvjb5", "start_time": "00:03:31,718", "end": "00:03:33,706", "subtitle": "\uc774\ub7f4 \ub54c\ub294 \uc880 \ubc15\uc218\ub97c \ud574\uc8fc\uc154\uc57c"}, {"num": "7875", "url": "https://www.youtube.com/watch?v=JnQ_aELbkQI&index=32&list=PLI6bDyv0uVQBDIuRCrzQGFF2WaXIXvjb5", "start_time": "00:03:33,706", "end": "00:03:37,956", "subtitle": "(\ubc15\uc218\uc640 \ud658\ud638)"}, {"num": "7900", "url": "https://www.youtube.com/watch?v=JnQ_aELbkQI&index=32&list=PLI6bDyv0uVQBDIuRCrzQGFF2WaXIXvjb5", "start_time": "00:05:24,451", "end": "00:05:29,235", "subtitle": "(\ubc15\uc218\uc640 \ud658\ud638)"}, {"num": "7959", "url": "https://www.youtube.com/watch?v=JnQ_aELbkQI&index=32&list=PLI6bDyv0uVQBDIuRCrzQGFF2WaXIXvjb5", "start_time": "00:09:32,033", "end": "00:09:34,139", "subtitle": "\uc5ec\uae30\uc11c\ub3c4 \uc774\ub807\uac8c \ubc15\uc218\uac00 \uc880  \ub098\uc640\uc57c \ub418\ub294 \ubd84\uc704\uae30\uc778\ub370..."}, {"num": "7960", "url": "https://www.youtube.com/watch?v=JnQ_aELbkQI&index=32&list=PLI6bDyv0uVQBDIuRCrzQGFF2WaXIXvjb5", "start_time": "00:09:34,139", "end": "00:09:39,633", "subtitle": "(\ubc15\uc218\uc640 \ud658\ud638)"}, {"num": "7989", "url": "https://www.youtube.com/watch?v=JnQ_aELbkQI&index=32&list=PLI6bDyv0uVQBDIuRCrzQGFF2WaXIXvjb5", "start_time": "00:11:38,939", "end": "00:11:42,299", "subtitle": "(\ubc15\uc218)"}, {"num": "8031", "url": "https://www.youtube.com/watch?v=E_drRaOKQEk&list=PLI6bDyv0uVQBDIuRCrzQGFF2WaXIXvjb5&index=33", "start_time": "00:00:05,488", "end": "00:00:09,506", "subtitle": "(\ubc15\uc218)"}, {"num": "8416", "url": "https://www.youtube.com/watch?v=ufU8kxiEkwg&list=PLI6bDyv0uVQBDIuRCrzQGFF2WaXIXvjb5&index=34", "start_time": "00:12:32,836", "end": "00:12:37,130", "subtitle": "(\ubc15\uc218)"}, {"num": "8417", "url": "https://www.youtube.com/watch?v=ufU8kxiEkwg&list=PLI6bDyv0uVQBDIuRCrzQGFF2WaXIXvjb5&index=34", "start_time": "00:12:38,240", "end": "00:12:41,236", "subtitle": "\ubc15\uc218 \ub108\ubb34 \ub9ce\uc774 \uccd0 \uc8fc\uc2dc\ub124\uc694"}, {"num": "8428", "url": "https://www.youtube.com/watch?v=ufU8kxiEkwg&list=PLI6bDyv0uVQBDIuRCrzQGFF2WaXIXvjb5&index=34", "start_time": "00:13:41,476", "end": "00:13:47,021", "subtitle": "(\ubc15\uc218)"}, {"num": "8451", "url": "https://www.youtube.com/watch?v=ufU8kxiEkwg&list=PLI6bDyv0uVQBDIuRCrzQGFF2WaXIXvjb5&index=34", "start_time": "00:15:35,526", "end": "00:15:39,755", "subtitle": "(\ubc15\uc218\uc640 \ud658\ud638)"}, {"num": "8470", "url": "https://www.youtube.com/watch?v=TqggAb53gxw&list=PLI6bDyv0uVQBDIuRCrzQGFF2WaXIXvjb5&index=35", "start_time": "00:00:05,360", "end": "00:00:11,198", "subtitle": "(\ubc15\uc218\uc640 \ud658\ud638)"}, {"num": "8797", "url": "https://www.youtube.com/watch?v=l03KMIGT5Uk&list=PLI6bDyv0uVQBDIuRCrzQGFF2WaXIXvjb5&index=36", "start_time": "00:05:17,777", "end": "00:05:18,518", "subtitle": "(\ubc15\uc218)"}, {"num": "8918", "url": "https://www.youtube.com/watch?v=l03KMIGT5Uk&list=PLI6bDyv0uVQBDIuRCrzQGFF2WaXIXvjb5&index=36", "start_time": "00:12:41,820", "end": "00:12:45,910", "subtitle": "(\ubc15\uc218)"}, {"num": "9228", "url": "https://www.youtube.com/watch?v=TexGz7w4Kd4&index=38&list=PLI6bDyv0uVQBDIuRCrzQGFF2WaXIXvjb5", "start_time": "00:00:13,802", "end": "00:00:17,042", "subtitle": "(\ubc15\uc218)"}, {"num": "9440", "url": "https://www.youtube.com/watch?v=TexGz7w4Kd4&index=38&list=PLI6bDyv0uVQBDIuRCrzQGFF2WaXIXvjb5", "start_time": "00:16:09,895", "end": "00:16:14,205", "subtitle": "(\ubc15\uc218\uc640 \ud658\ud638)"}, {"num": "9460", "url": "https://www.youtube.com/watch?v=Dd1k0toSfOk&list=PLI6bDyv0uVQBDIuRCrzQGFF2WaXIXvjb5&index=39", "start_time": "00:00:08,830", "end": "00:00:14,244", "subtitle": "(\ubc15\uc218\uc640 \ud658\ud638)"}, {"num": "9465", "url": "https://www.youtube.com/watch?v=Dd1k0toSfOk&list=PLI6bDyv0uVQBDIuRCrzQGFF2WaXIXvjb5&index=39", "start_time": "00:00:25,233", "end": "00:00:27,533", "subtitle": "(\ubc15\uc218\uc640 \ud658\ud638)"}, {"num": "9506", "url": "https://www.youtube.com/watch?v=Dd1k0toSfOk&list=PLI6bDyv0uVQBDIuRCrzQGFF2WaXIXvjb5&index=39", "start_time": "00:02:56,933", "end": "00:03:00,712", "subtitle": "\uc5ec\ub35e \uc0b4 \uc815\ud654\uac00 \ubcf4\uba74 \ub418\uac8c \uc88b\uc544\ud558\uaca0\ub124\uc694 \ubc15\uc218\ub97c \uce58\uace0 \uc788\uc73c\ub2c8\uae4c"}, {"num": "9659", "url": "https://www.youtube.com/watch?v=Dd1k0toSfOk&list=PLI6bDyv0uVQBDIuRCrzQGFF2WaXIXvjb5&index=39", "start_time": "00:12:33,142", "end": "00:12:37,722", "subtitle": "(\ubc15\uc218)"}, {"num": "9660", "url": "https://www.youtube.com/watch?v=Dd1k0toSfOk&list=PLI6bDyv0uVQBDIuRCrzQGFF2WaXIXvjb5&index=39", "start_time": "00:15:36,840", "end": "00:15:41,700", "subtitle": "(\ubc15\uc218)"}, {"num": "9664", "url": "https://www.youtube.com/watch?v=Dd1k0toSfOk&list=PLI6bDyv0uVQBDIuRCrzQGFF2WaXIXvjb5&index=39", "start_time": "00:15:52,539", "end": "00:15:56,319", "subtitle": "(\ubc15\uc218\uc640 \ud658\ud638)"}, {"num": "9683", "url": "https://www.youtube.com/watch?v=Xh6IrVHSmHs&index=40&list=PLI6bDyv0uVQBDIuRCrzQGFF2WaXIXvjb5", "start_time": "00:00:05,283", "end": "00:00:11,862", "subtitle": "(\ubc15\uc218)"}, {"num": "9846", "url": "https://www.youtube.com/watch?v=Xh6IrVHSmHs&index=40&list=PLI6bDyv0uVQBDIuRCrzQGFF2WaXIXvjb5", "start_time": "00:13:41,579", "end": "00:13:47,039", "subtitle": "(\ubc15\uc218)"}, {"num": "10155", "url": "https://www.youtube.com/watch?v=euefb-dITbo&list=PLI6bDyv0uVQBDIuRCrzQGFF2WaXIXvjb5&index=42", "start_time": "00:00:04,611", "end": "00:00:13,765", "subtitle": "(\ubc15\uc218\uc640 \ud658\ud638)"}, {"num": "10172", "url": "https://www.youtube.com/watch?v=euefb-dITbo&list=PLI6bDyv0uVQBDIuRCrzQGFF2WaXIXvjb5&index=42", "start_time": "00:01:06,987", "end": "00:01:11,182", "subtitle": "(\ubc15\uc218\uc640 \ud658\ud638)"}, {"num": "10372", "url": "https://www.youtube.com/watch?v=euefb-dITbo&list=PLI6bDyv0uVQBDIuRCrzQGFF2WaXIXvjb5&index=42", "start_time": "00:13:38,234", "end": "00:13:41,638", "subtitle": "(\ubc15\uc218\uc640 \ud658\ud638)"}, {"num": "10406", "url": "https://www.youtube.com/watch?v=euefb-dITbo&list=PLI6bDyv0uVQBDIuRCrzQGFF2WaXIXvjb5&index=42", "start_time": "00:15:44,669", "end": "00:15:50,771", "subtitle": "(\ubc15\uc218)"}, {"num": "10939", "url": "https://www.youtube.com/watch?v=re7PbMUNJLk&list=PLI6bDyv0uVQBDIuRCrzQGFF2WaXIXvjb5&index=45", "start_time": "00:00:08,651", "end": "00:00:13,668", "subtitle": "(\ubc15\uc218)"}, {"num": "11097", "url": "https://www.youtube.com/watch?v=re7PbMUNJLk&list=PLI6bDyv0uVQBDIuRCrzQGFF2WaXIXvjb5&index=45", "start_time": "00:10:42,690", "end": "00:10:46,139", "subtitle": "(\ubc15\uc218)"}, {"num": "11120", "url": "https://www.youtube.com/watch?v=re7PbMUNJLk&list=PLI6bDyv0uVQBDIuRCrzQGFF2WaXIXvjb5&index=45", "start_time": "00:12:08,678", "end": "00:12:13,783", "subtitle": "(\ubc15\uc218)"}, {"num": "11203", "url": "https://www.youtube.com/watch?v=7SNGN_stO-o&list=PLI6bDyv0uVQBDIuRCrzQGFF2WaXIXvjb5&index=46", "start_time": "00:00:05,172", "end": "00:00:10,926", "subtitle": "(\ubc15\uc218\uc640 \ud658\ud638)"}, {"num": "11393", "url": "https://www.youtube.com/watch?v=uNDj3YledkQ&list=PLI6bDyv0uVQBDIuRCrzQGFF2WaXIXvjb5&index=47", "start_time": "00:00:07,880", "end": "00:00:12,989", "subtitle": "(\ubc15\uc218)"}, {"num": "11398", "url": "https://www.youtube.com/watch?v=uNDj3YledkQ&list=PLI6bDyv0uVQBDIuRCrzQGFF2WaXIXvjb5&index=47", "start_time": "00:00:24,503", "end": "00:00:29,493", "subtitle": "(\ubc15\uc218)"}, {"num": "11683", "url": "https://www.youtube.com/watch?v=zCDaAhWxQ2Q&index=103&list=PLI6bDyv0uVQBDIuRCrzQGFF2WaXIXvjb5", "start_time": "00:00:01,294", "end": "00:00:08,740", "subtitle": "(\ubc15\uc218)"}, {"num": "11766", "url": "https://www.youtube.com/watch?v=zCDaAhWxQ2Q&index=103&list=PLI6bDyv0uVQBDIuRCrzQGFF2WaXIXvjb5", "start_time": "00:05:31,674", "end": "00:05:33,606", "subtitle": "(\uad00\uac1d : \ubc15\uc218)"}, {"num": "11804", "url": "https://www.youtube.com/watch?v=zCDaAhWxQ2Q&index=103&list=PLI6bDyv0uVQBDIuRCrzQGFF2WaXIXvjb5", "start_time": "00:07:39,673", "end": "00:07:48,703", "subtitle": "(\uad00\uac1d : \ubc15\uc218)"}, {"num": "11859", "url": "https://www.youtube.com/watch?v=zCDaAhWxQ2Q&index=103&list=PLI6bDyv0uVQBDIuRCrzQGFF2WaXIXvjb5", "start_time": "00:10:51,008", "end": "00:10:53,493", "subtitle": "\ub05d\ub098\uace0 \ub098\uc11c \uc81c\uac00 \ub9c9 \ubc15\uc218\ub97c \uce58\uba74\uc11c"}, {"num": "11898", "url": "https://www.youtube.com/watch?v=zCDaAhWxQ2Q&index=103&list=PLI6bDyv0uVQBDIuRCrzQGFF2WaXIXvjb5", "start_time": "00:12:52,772", "end": "00:12:57,041", "subtitle": "(\uad00\uac1d : \ubc15\uc218)"}, {"num": "11900", "url": "https://www.youtube.com/watch?v=zCDaAhWxQ2Q&index=103&list=PLI6bDyv0uVQBDIuRCrzQGFF2WaXIXvjb5", "start_time": "00:13:01,272", "end": "00:13:07,450", "subtitle": "(\uad00\uac1d : \ubc15\uc218)"}, {"num": "11943", "url": "https://www.youtube.com/watch?v=zCDaAhWxQ2Q&index=103&list=PLI6bDyv0uVQBDIuRCrzQGFF2WaXIXvjb5", "start_time": "00:15:26,417", "end": "00:15:31,681", "subtitle": "(\uad00\uac1d : \ubc15\uc218)"}, {"num": "12084", "url": "https://www.youtube.com/watch?v=Nu1nMc3g3Uk&index=49&list=PLI6bDyv0uVQBDIuRCrzQGFF2WaXIXvjb5", "start_time": "00:07:32,775", "end": "00:07:36,399", "subtitle": "(\ubc15\uc218)"}, {"num": "12106", "url": "https://www.youtube.com/watch?v=Nu1nMc3g3Uk&index=49&list=PLI6bDyv0uVQBDIuRCrzQGFF2WaXIXvjb5", "start_time": "00:08:38,236", "end": "00:08:42,378", "subtitle": "(\uc6c3\uc74c\uacfc \ubc15\uc218)"}, {"num": "12181", "url": "https://www.youtube.com/watch?v=Nu1nMc3g3Uk&index=49&list=PLI6bDyv0uVQBDIuRCrzQGFF2WaXIXvjb5", "start_time": "00:13:02,742", "end": "00:13:07,626", "subtitle": "(\ubc15\uc218)"}, {"num": "12372", "url": "https://www.youtube.com/watch?v=ozdt_rTL57A&list=PLI6bDyv0uVQBDIuRCrzQGFF2WaXIXvjb5&index=50", "start_time": "00:08:29,274", "end": "00:08:32,944", "subtitle": "(\ubc15\uc218)"}, {"num": "12422", "url": "https://www.youtube.com/watch?v=ozdt_rTL57A&list=PLI6bDyv0uVQBDIuRCrzQGFF2WaXIXvjb5&index=50", "start_time": "00:12:35,066", "end": "00:12:38,986", "subtitle": "(\ubc15\uc218)"}, {"num": "13090", "url": "https://www.youtube.com/watch?v=miJhrWBHhwo&index=52&list=PLI6bDyv0uVQBDIuRCrzQGFF2WaXIXvjb5", "start_time": "00:13:20,067", "end": "00:13:23,216", "subtitle": "(\ubc15\uc218)"}, {"num": "13095", "url": "https://www.youtube.com/watch?v=miJhrWBHhwo&index=52&list=PLI6bDyv0uVQBDIuRCrzQGFF2WaXIXvjb5", "start_time": "00:13:42,070", "end": "00:13:43,470", "subtitle": "(\ubc15\uc218)"}, {"num": "13149", "url": "https://www.youtube.com/watch?v=miJhrWBHhwo&index=52&list=PLI6bDyv0uVQBDIuRCrzQGFF2WaXIXvjb5", "start_time": "00:16:32,183", "end": "00:16:35,899", "subtitle": "(\uc6c3\uc74c\uacfc \ubc15\uc218)"}, {"num": "13458", "url": "https://www.youtube.com/watch?v=az3RmsPeVT0&list=PLI6bDyv0uVQBDIuRCrzQGFF2WaXIXvjb5&index=54", "start_time": "00:00:09,597", "end": "00:00:12,247", "subtitle": "(\ubc15\uc218)"}, {"num": "13460", "url": "https://www.youtube.com/watch?v=az3RmsPeVT0&list=PLI6bDyv0uVQBDIuRCrzQGFF2WaXIXvjb5&index=54", "start_time": "00:00:14,497", "end": "00:00:17,147", "subtitle": "(\ubc15\uc218)"}, {"num": "13462", "url": "https://www.youtube.com/watch?v=az3RmsPeVT0&list=PLI6bDyv0uVQBDIuRCrzQGFF2WaXIXvjb5&index=54", "start_time": "00:00:21,116", "end": "00:00:24,196", "subtitle": "(\ubc15\uc218)"}, {"num": "13753", "url": "https://www.youtube.com/watch?v=az3RmsPeVT0&list=PLI6bDyv0uVQBDIuRCrzQGFF2WaXIXvjb5&index=54", "start_time": "00:14:57,269", "end": "00:15:00,455", "subtitle": "(\ubc15\uc218)"}, {"num": "13760", "url": "https://www.youtube.com/watch?v=myQeHo6IRv8&index=55&list=PLI6bDyv0uVQBDIuRCrzQGFF2WaXIXvjb5", "start_time": "00:00:05,620", "end": "00:00:08,679", "subtitle": "(\ubc15\uc218\uc640 \ud658\ud638)"}, {"num": "14287", "url": "https://www.youtube.com/watch?v=4vf71p7VnB8&list=PLI6bDyv0uVQBDIuRCrzQGFF2WaXIXvjb5&index=57", "start_time": "00:00:09,690", "end": "00:00:16,249", "subtitle": "(\ubc15\uc218\uc640 \ud658\ud638)"}, {"num": "14292", "url": "https://www.youtube.com/watch?v=4vf71p7VnB8&list=PLI6bDyv0uVQBDIuRCrzQGFF2WaXIXvjb5&index=57", "start_time": "00:00:27,068", "end": "00:00:29,978", "subtitle": "(\ubc15\uc218)"}, {"num": "14411", "url": "https://www.youtube.com/watch?v=4vf71p7VnB8&list=PLI6bDyv0uVQBDIuRCrzQGFF2WaXIXvjb5&index=57", "start_time": "00:06:05,031", "end": "00:06:07,017", "subtitle": "\ubc15\uc218 \uce60 \uc900\ube44\ub97c \ub531 \ud558\uace0 \uc788\ub294 \uac70\uc5d0\uc694"}, {"num": "14597", "url": "https://www.youtube.com/watch?v=W1FP7TVg7ew&list=PLI6bDyv0uVQBDIuRCrzQGFF2WaXIXvjb5&index=104", "start_time": "00:00:03,990", "end": "00:00:10,785", "subtitle": "(\ubc15\uc218)"}, {"num": "14907", "url": "https://www.youtube.com/watch?v=CxFecE30_Q4&index=59&list=PLI6bDyv0uVQBDIuRCrzQGFF2WaXIXvjb5", "start_time": "00:00:08,200", "end": "00:00:14,548", "subtitle": "(\ubc15\uc218 \ubc0f \ud658\ud638)"}, {"num": "14909", "url": "https://www.youtube.com/watch?v=CxFecE30_Q4&index=59&list=PLI6bDyv0uVQBDIuRCrzQGFF2WaXIXvjb5", "start_time": "00:00:24,949", "end": "00:00:28,947", "subtitle": "(\ubc15\uc218)"}, {"num": "14912", "url": "https://www.youtube.com/watch?v=CxFecE30_Q4&index=59&list=PLI6bDyv0uVQBDIuRCrzQGFF2WaXIXvjb5", "start_time": "00:00:34,273", "end": "00:00:37,733", "subtitle": "(\ubc15\uc218)"}, {"num": "14955", "url": "https://www.youtube.com/watch?v=CxFecE30_Q4&index=59&list=PLI6bDyv0uVQBDIuRCrzQGFF2WaXIXvjb5", "start_time": "00:02:30,789", "end": "00:02:34,369", "subtitle": "\uc120\uc0dd\ub2d8\uc774 \uc560\ub4e4\uc744 \uae30\ub9bd\uc744 \uc2dc\ucf1c\uc11c \uae30\ub9bd\ubc15\uc218\ub97c \uce58\uac8c \ud558\ub294 \uac70\uc608\uc694"}, {"num": "14992", "url": "https://www.youtube.com/watch?v=CxFecE30_Q4&index=59&list=PLI6bDyv0uVQBDIuRCrzQGFF2WaXIXvjb5", "start_time": "00:04:10,787", "end": "00:04:18,084", "subtitle": "(\uc6c3\uc74c \ubc0f \ubc15\uc218)"}, {"num": "14997", "url": "https://www.youtube.com/watch?v=CxFecE30_Q4&index=59&list=PLI6bDyv0uVQBDIuRCrzQGFF2WaXIXvjb5", "start_time": "00:04:31,600", "end": "00:04:34,803", "subtitle": "(\ubc15\uc218 \ubc0f \ud658\ud638)"}, {"num": "14999", "url": "https://www.youtube.com/watch?v=CxFecE30_Q4&index=59&list=PLI6bDyv0uVQBDIuRCrzQGFF2WaXIXvjb5", "start_time": "00:04:39,730", "end": "00:04:52,527", "subtitle": "(\uac04\uc8fc \ubc0f \ubc15\uc218)"}, {"num": "15030", "url": "https://www.youtube.com/watch?v=CxFecE30_Q4&index=59&list=PLI6bDyv0uVQBDIuRCrzQGFF2WaXIXvjb5", "start_time": "00:07:32,616", "end": "00:07:39,220", "subtitle": "(\ubc15\uc218 \ubc0f \ud658\ud638)"}, {"num": "15032", "url": "https://www.youtube.com/watch?v=CxFecE30_Q4&index=59&list=PLI6bDyv0uVQBDIuRCrzQGFF2WaXIXvjb5", "start_time": "00:07:40,143", "end": "00:07:45,687", "subtitle": "(\ubc15\uc218 \ubc0f \ud658\ud638)"}, {"num": "15112", "url": "https://www.youtube.com/watch?v=CxFecE30_Q4&index=59&list=PLI6bDyv0uVQBDIuRCrzQGFF2WaXIXvjb5", "start_time": "00:11:46,216", "end": "00:11:48,136", "subtitle": "\uadf8 \ucd08\ub4f1\ud559\uad50 2\ud559\ub144 \ub54c  \uae30\ub9bd\ubc15\uc218\uc640"}, {"num": "15171", "url": "https://www.youtube.com/watch?v=CxFecE30_Q4&index=59&list=PLI6bDyv0uVQBDIuRCrzQGFF2WaXIXvjb5", "start_time": "00:14:45,447", "end": "00:14:48,498", "subtitle": "(\ubc15\uc218)"}, {"num": "15197", "url": "https://www.youtube.com/watch?v=CxFecE30_Q4&index=59&list=PLI6bDyv0uVQBDIuRCrzQGFF2WaXIXvjb5", "start_time": "00:18:48,773", "end": "00:19:18,947", "subtitle": "(\ubc15\uc218 \ubc0f \ud658\ud638)"}, {"num": "15200", "url": "https://www.youtube.com/watch?v=CxFecE30_Q4&index=59&list=PLI6bDyv0uVQBDIuRCrzQGFF2WaXIXvjb5", "start_time": "00:19:28,187", "end": "00:19:32,270", "subtitle": "(\ubc15\uc218 \ubc0f \ud658\ud638)"}, {"num": "15202", "url": "https://www.youtube.com/watch?v=CxFecE30_Q4&index=59&list=PLI6bDyv0uVQBDIuRCrzQGFF2WaXIXvjb5", "start_time": "00:19:34,700", "end": "00:19:40,967", "subtitle": "(\ubc15\uc218 \ubc0f \ud658\ud638)"}, {"num": "15212", "url": "https://www.youtube.com/watch?v=CxFecE30_Q4&index=59&list=PLI6bDyv0uVQBDIuRCrzQGFF2WaXIXvjb5", "start_time": "00:20:12,135", "end": "00:20:16,919", "subtitle": "(\ubc15\uc218 \ubc0f \ud658\ud638)"}, {"num": "15234", "url": "https://www.youtube.com/watch?v=CxFecE30_Q4&index=59&list=PLI6bDyv0uVQBDIuRCrzQGFF2WaXIXvjb5", "start_time": "00:22:45,019", "end": "00:22:47,845", "subtitle": "\uc6cc ~ \uc608 (\ubc15\uc218 \ubc0f \ud658\ud638)"}, {"num": "15262", "url": "https://www.youtube.com/watch?v=CxFecE30_Q4&index=59&list=PLI6bDyv0uVQBDIuRCrzQGFF2WaXIXvjb5", "start_time": "00:25:07,637", "end": "00:25:19,531", "subtitle": "\uc6cc ~ \uc5b4 (\ubc15\uc218 \ubc0f \ud658\ud638)"}, {"num": "15265", "url": "https://www.youtube.com/watch?v=CxFecE30_Q4&index=59&list=PLI6bDyv0uVQBDIuRCrzQGFF2WaXIXvjb5", "start_time": "00:25:30,640", "end": "00:25:33,527", "subtitle": "(\ubc15\uc218 \ubc0f \ud658\ud638)"}, {"num": "15266", "url": "https://www.youtube.com/watch?v=EAWMAgjyJvc&list=PLI6bDyv0uVQBDIuRCrzQGFF2WaXIXvjb5&index=60", "start_time": "00:00:06,194", "end": "00:00:10,541", "subtitle": "(\ubc15\uc218)"}, {"num": "15567", "url": "https://www.youtube.com/watch?v=CkPESgYjL6U&list=PLI6bDyv0uVQBDIuRCrzQGFF2WaXIXvjb5&index=61", "start_time": "00:00:04,252", "end": "00:00:10,758", "subtitle": "(\ubc15\uc218\uc640 \ud658\ud638)"}, {"num": "15570", "url": "https://www.youtube.com/watch?v=CkPESgYjL6U&list=PLI6bDyv0uVQBDIuRCrzQGFF2WaXIXvjb5&index=61", "start_time": "00:00:18,871", "end": "00:00:23,741", "subtitle": "(\ubc15\uc218\uc640 \ud658\ud638)"}, {"num": "15633", "url": "https://www.youtube.com/watch?v=CkPESgYjL6U&list=PLI6bDyv0uVQBDIuRCrzQGFF2WaXIXvjb5&index=61", "start_time": "00:03:55,023", "end": "00:04:02,493", "subtitle": "(\ubc15\uc218\uc640 \ud658\ud638)"}, {"num": "15654", "url": "https://www.youtube.com/watch?v=CkPESgYjL6U&list=PLI6bDyv0uVQBDIuRCrzQGFF2WaXIXvjb5&index=61", "start_time": "00:05:24,276", "end": "00:05:28,416", "subtitle": "\ub124 \uac10\uc0ac\ud569\ub2c8\ub2e4 (\ubc15\uc218)"}, {"num": "15744", "url": "https://www.youtube.com/watch?v=CkPESgYjL6U&list=PLI6bDyv0uVQBDIuRCrzQGFF2WaXIXvjb5&index=61", "start_time": "00:10:36,744", "end": "00:10:42,534", "subtitle": "(\ubc15\uc218)"}, {"num": "15757", "url": "https://www.youtube.com/watch?v=CkPESgYjL6U&list=PLI6bDyv0uVQBDIuRCrzQGFF2WaXIXvjb5&index=61", "start_time": "00:11:24,853", "end": "00:11:31,223", "subtitle": "(\ubc15\uc218) \uac10\uc0ac\ud569\ub2c8\ub2e4"}, {"num": "15774", "url": "https://www.youtube.com/watch?v=CkPESgYjL6U&list=PLI6bDyv0uVQBDIuRCrzQGFF2WaXIXvjb5&index=61", "start_time": "00:12:39,077", "end": "00:12:44,947", "subtitle": "(\ubc15\uc218)"}, {"num": "15796", "url": "https://www.youtube.com/watch?v=CkPESgYjL6U&list=PLI6bDyv0uVQBDIuRCrzQGFF2WaXIXvjb5&index=61", "start_time": "00:14:07,754", "end": "00:14:11,794", "subtitle": "(\ubc15\uc218)"}, {"num": "15802", "url": "https://www.youtube.com/watch?v=IAXDfkrEalE&index=62&list=PLI6bDyv0uVQBDIuRCrzQGFF2WaXIXvjb5", "start_time": "00:00:07,857", "end": "00:00:21,941", "subtitle": "(\ubc15\uc218\uc640 \ud658\ud638)"}, {"num": "15915", "url": "https://www.youtube.com/watch?v=IAXDfkrEalE&index=62&list=PLI6bDyv0uVQBDIuRCrzQGFF2WaXIXvjb5", "start_time": "00:06:30,708", "end": "00:06:35,578", "subtitle": "(\ubc15\uc218)"}, {"num": "15981", "url": "https://www.youtube.com/watch?v=IAXDfkrEalE&index=62&list=PLI6bDyv0uVQBDIuRCrzQGFF2WaXIXvjb5", "start_time": "00:10:07,161", "end": "00:10:11,205", "subtitle": "\ub9d0\uc774\ub77c\ub294 \uac8c \uc798\ud558\uba74 \ubc15\uc218\ubc1b\uace0 \uc88b\uc740\ub370  \ubabb\ud558\uba74 \uc5bc\ub9c8\ub098 \uc0ac\ub78c\ub4e4 \uc0c1\ucc98\uc8fc\uace0"}, {"num": "16033", "url": "https://www.youtube.com/watch?v=IAXDfkrEalE&index=62&list=PLI6bDyv0uVQBDIuRCrzQGFF2WaXIXvjb5", "start_time": "00:12:51,462", "end": "00:12:55,309", "subtitle": "(\ubc15\uc218\uc640 \ud658\ud638)"}, {"num": "16034", "url": "https://www.youtube.com/watch?v=IAXDfkrEalE&index=62&list=PLI6bDyv0uVQBDIuRCrzQGFF2WaXIXvjb5", "start_time": "00:12:56,782", "end": "00:12:59,391", "subtitle": "\uc800\ub294 \uc774 \ubc15\uc218\ub3c4 \ub418\uac8c  \uac10\uc0ac\ud558\uba74\uc11c\ub3c4 \ubd80\ub044\ub7fd\uac70\ub4e0\uc694"}, {"num": "16077", "url": "https://www.youtube.com/watch?v=IAXDfkrEalE&index=62&list=PLI6bDyv0uVQBDIuRCrzQGFF2WaXIXvjb5", "start_time": "00:15:24,145", "end": "00:15:31,463", "subtitle": "(\ubc15\uc218\uc640 \ud658\ud638)"}, {"num": "16093", "url": "https://www.youtube.com/watch?v=IAXDfkrEalE&index=62&list=PLI6bDyv0uVQBDIuRCrzQGFF2WaXIXvjb5", "start_time": "00:16:26,450", "end": "00:16:31,990", "subtitle": "(\ubc15\uc218\uc640 \ud658\ud638)"}, {"num": "16095", "url": "https://www.youtube.com/watch?v=IAXDfkrEalE&index=62&list=PLI6bDyv0uVQBDIuRCrzQGFF2WaXIXvjb5", "start_time": "00:16:36,862", "end": "00:16:39,932", "subtitle": "(\ubc15\uc218)"}, {"num": "16096", "url": "https://www.youtube.com/watch?v=IAXDfkrEalE&index=62&list=PLI6bDyv0uVQBDIuRCrzQGFF2WaXIXvjb5", "start_time": "00:16:39,932", "end": "00:16:43,207", "subtitle": "\uc800 \ub2ee\uc73c\uba74 \uc5b4\ub5a1\ud558\ub824\uace0 \ubc15\uc218 \uce58\uc138\uc694?"}, {"num": "16112", "url": "https://www.youtube.com/watch?v=IAXDfkrEalE&index=62&list=PLI6bDyv0uVQBDIuRCrzQGFF2WaXIXvjb5", "start_time": "00:17:35,819", "end": "00:17:41,189", "subtitle": "\uadf8 \uc190\uac00\ub77d \ub05d\uc758 \uad73\uc740\uc0b4\uc744 \uac10\uc218\ud558\uace0 \uacc4\uc2dc\ub294  \ubaa8\ub4e0 \ubd84\ub4e4\uc5d0\uac8c \ubc15\uc218\ub97c \ub4dc\ub9ac\uba74\uc11c"}, {"num": "16294", "url": "https://www.youtube.com/watch?v=rnkf8Uz374g&list=PLI6bDyv0uVQBDIuRCrzQGFF2WaXIXvjb5&index=107", "start_time": "00:00:05,219", "end": "00:00:14,609", "subtitle": "(\ubc15\uc218)"}, {"num": "16776", "url": "https://www.youtube.com/watch?v=LyG4q4dWfjw&list=PLI6bDyv0uVQBDIuRCrzQGFF2WaXIXvjb5&index=109", "start_time": "00:00:04,663", "end": "00:00:19,639", "subtitle": "(\ud658\ud638\uc640 \ubc15\uc218)"}, {"num": "17181", "url": "https://www.youtube.com/watch?v=OQ-dWuMo6cU&list=PLI6bDyv0uVQBDIuRCrzQGFF2WaXIXvjb5&index=110", "start_time": "00:06:08,027", "end": "00:06:10,987", "subtitle": "(\ubc15\uc218)"}, {"num": "17196", "url": "https://www.youtube.com/watch?v=OQ-dWuMo6cU&list=PLI6bDyv0uVQBDIuRCrzQGFF2WaXIXvjb5&index=110", "start_time": "00:07:16,467", "end": "00:07:23,027", "subtitle": "(\ubc15\uc218)"}, {"num": "17255", "url": "https://www.youtube.com/watch?v=OQ-dWuMo6cU&list=PLI6bDyv0uVQBDIuRCrzQGFF2WaXIXvjb5&index=110", "start_time": "00:11:21,130", "end": "00:11:23,480", "subtitle": "(\ubc15\uc218)"}, {"num": "17266", "url": "https://www.youtube.com/watch?v=OQ-dWuMo6cU&list=PLI6bDyv0uVQBDIuRCrzQGFF2WaXIXvjb5&index=110", "start_time": "00:12:08,681", "end": "00:12:13,221", "subtitle": "(\ubc15\uc218)"}, {"num": "17306", "url": "https://www.youtube.com/watch?v=OQ-dWuMo6cU&list=PLI6bDyv0uVQBDIuRCrzQGFF2WaXIXvjb5&index=110", "start_time": "00:14:59,063", "end": "00:15:07,503", "subtitle": "(\uc88c\uc11d\uc5d0\uc11c \uc2dc\uc74c\uad8c\uc744 \ubc1c\uacac\ud55c  \uad00\uac1d\ub4e4\uc758 \ubc15\uc218\uc640 \ud658\ud638)"}, {"num": "17309", "url": "https://www.youtube.com/watch?v=OQ-dWuMo6cU&list=PLI6bDyv0uVQBDIuRCrzQGFF2WaXIXvjb5&index=110", "start_time": "00:15:16,684", "end": "00:15:22,534", "subtitle": "(\ubc15\uc218\uc640 \ud658\ud638)"}, {"num": "17547", "url": "https://www.youtube.com/watch?v=XScA9iEPe5Y&list=PLI6bDyv0uVQBDIuRCrzQGFF2WaXIXvjb5&index=112", "start_time": "00:00:04,220", "end": "00:00:11,192", "subtitle": "(\ubc15\uc218)"}, {"num": "17565", "url": "https://www.youtube.com/watch?v=XScA9iEPe5Y&list=PLI6bDyv0uVQBDIuRCrzQGFF2WaXIXvjb5&index=112", "start_time": "00:04:32,795", "end": "00:04:52,457", "subtitle": "(\ubc15\uc218)"}, {"num": "17571", "url": "https://www.youtube.com/watch?v=XScA9iEPe5Y&list=PLI6bDyv0uVQBDIuRCrzQGFF2WaXIXvjb5&index=112", "start_time": "00:05:03,891", "end": "00:05:08,187", "subtitle": "(\ubc15\uc218)"}, {"num": "17673", "url": "https://www.youtube.com/watch?v=XScA9iEPe5Y&list=PLI6bDyv0uVQBDIuRCrzQGFF2WaXIXvjb5&index=112", "start_time": "00:11:00,182", "end": "00:11:04,235", "subtitle": "(\ubc15\uc218)"}, {"num": "17693", "url": "https://www.youtube.com/watch?v=XScA9iEPe5Y&list=PLI6bDyv0uVQBDIuRCrzQGFF2WaXIXvjb5&index=112", "start_time": "00:12:21,353", "end": "00:12:25,283", "subtitle": "(\ubc15\uc218)"}, {"num": "18128", "url": "https://www.youtube.com/watch?v=4FqDHKDsoDE&list=PLI6bDyv0uVQBDIuRCrzQGFF2WaXIXvjb5&index=114", "start_time": "00:07:04,427", "end": "00:07:13,595", "subtitle": "\uadf8\ub9ac\uace0 \ub098\uc11c \ub208\uc744 \ub5b3\ub294\ub370 \ubaa8\ub4e0\uc0ac\ub78c\uc774 \uc77c\uc5b4\ub098\uc11c \uae30\ub9bd\ubc15\uc218\ub97c \uce58\ub294 \uac70\uc608\uc694."}, {"num": "18218", "url": "https://www.youtube.com/watch?v=r99ob-WyD20&index=72&list=PLI6bDyv0uVQBDIuRCrzQGFF2WaXIXvjb5", "start_time": "00:00:34,501", "end": "00:00:37,181", "subtitle": "(\ubc15\uc218)"}, {"num": "18613", "url": "https://www.youtube.com/watch?v=NQxBoQFmQdY&index=73&list=PLI6bDyv0uVQBDIuRCrzQGFF2WaXIXvjb5", "start_time": "00:09:26,981", "end": "00:09:31,561", "subtitle": "(\ubc15\uc218)"}, {"num": "18642", "url": "https://www.youtube.com/watch?v=NQxBoQFmQdY&index=73&list=PLI6bDyv0uVQBDIuRCrzQGFF2WaXIXvjb5", "start_time": "00:11:07,604", "end": "00:11:12,435", "subtitle": "(\ubc15\uc218)"}, {"num": "18983", "url": "https://www.youtube.com/watch?v=c2CJllQHkDs&list=PLI6bDyv0uVQBDIuRCrzQGFF2WaXIXvjb5&index=76", "start_time": "00:00:09,273", "end": "00:00:14,487", "subtitle": "(\ubc15\uc218)"}, {"num": "18986", "url": "https://www.youtube.com/watch?v=c2CJllQHkDs&list=PLI6bDyv0uVQBDIuRCrzQGFF2WaXIXvjb5&index=76", "start_time": "00:00:21,733", "end": "00:00:24,533", "subtitle": "(\ubc15\uc218)"}, {"num": "19205", "url": "https://www.youtube.com/watch?v=c2CJllQHkDs&list=PLI6bDyv0uVQBDIuRCrzQGFF2WaXIXvjb5&index=76", "start_time": "00:13:06,999", "end": "00:13:12,439", "subtitle": "(\ubc15\uc218)"}, {"num": "19538", "url": "https://www.youtube.com/watch?v=QPkdqUG379Y&list=PLI6bDyv0uVQBDIuRCrzQGFF2WaXIXvjb5&index=116", "start_time": "00:05:56,611", "end": "00:05:58,358", "subtitle": "\ubc15\uc218 \uccd0 \uc8fc\uc138\uc694"}, {"num": "19539", "url": "https://www.youtube.com/watch?v=QPkdqUG379Y&list=PLI6bDyv0uVQBDIuRCrzQGFF2WaXIXvjb5&index=116", "start_time": "00:05:58,358", "end": "00:06:00,475", "subtitle": "(\ubc15\uc218)"}, {"num": "19647", "url": "https://www.youtube.com/watch?v=QPkdqUG379Y&list=PLI6bDyv0uVQBDIuRCrzQGFF2WaXIXvjb5&index=116", "start_time": "00:11:25,535", "end": "00:11:28,972", "subtitle": "(\ubc15\uc218)"}, {"num": "19675", "url": "https://www.youtube.com/watch?v=QPkdqUG379Y&list=PLI6bDyv0uVQBDIuRCrzQGFF2WaXIXvjb5&index=116", "start_time": "00:12:45,414", "end": "00:12:48,830", "subtitle": "(\ubc15\uc218)"}, {"num": "19704", "url": "https://www.youtube.com/watch?v=QPkdqUG379Y&list=PLI6bDyv0uVQBDIuRCrzQGFF2WaXIXvjb5&index=116", "start_time": "00:14:17,659", "end": "00:14:20,202", "subtitle": "(\ubc15\uc218)"}, {"num": "19718", "url": "https://www.youtube.com/watch?v=QPkdqUG379Y&list=PLI6bDyv0uVQBDIuRCrzQGFF2WaXIXvjb5&index=116", "start_time": "00:15:00,943", "end": "00:15:06,334", "subtitle": "(\ubc15\uc218)"}, {"num": "19762", "url": "https://www.youtube.com/watch?v=QPkdqUG379Y&list=PLI6bDyv0uVQBDIuRCrzQGFF2WaXIXvjb5&index=116", "start_time": "00:16:59,278", "end": "00:17:04,030", "subtitle": "(\ubc15\uc218)"}, {"num": "19763", "url": "https://www.youtube.com/watch?v=LG0cLnZDYdg&list=PLI6bDyv0uVQBDIuRCrzQGFF2WaXIXvjb5&index=79", "start_time": "00:00:04,014", "end": "00:00:08,188", "subtitle": "(\ubc15\uc218)"}, {"num": "19765", "url": "https://www.youtube.com/watch?v=LG0cLnZDYdg&list=PLI6bDyv0uVQBDIuRCrzQGFF2WaXIXvjb5&index=79", "start_time": "00:00:13,914", "end": "00:00:16,104", "subtitle": "(\ubc15\uc218)"}, {"num": "19891", "url": "https://www.youtube.com/watch?v=LG0cLnZDYdg&list=PLI6bDyv0uVQBDIuRCrzQGFF2WaXIXvjb5&index=79", "start_time": "00:08:11,905", "end": "00:08:14,189", "subtitle": "(\ubc15\uc218)"}, {"num": "20011", "url": "https://www.youtube.com/watch?v=MJUxnjMvTi0&index=80&list=PLI6bDyv0uVQBDIuRCrzQGFF2WaXIXvjb5", "start_time": "00:00:04,463", "end": "00:00:12,031", "subtitle": "(\ubc15\uc218\uc640 \ud658\ud638)"}, {"num": "20090", "url": "https://www.youtube.com/watch?v=MJUxnjMvTi0&index=80&list=PLI6bDyv0uVQBDIuRCrzQGFF2WaXIXvjb5", "start_time": "00:05:06,992", "end": "00:05:12,910", "subtitle": "(\ubc15\uc218)"}, {"num": "20210", "url": "https://www.youtube.com/watch?v=MJUxnjMvTi0&index=80&list=PLI6bDyv0uVQBDIuRCrzQGFF2WaXIXvjb5", "start_time": "00:12:44,835", "end": "00:12:49,758", "subtitle": "(\ubc15\uc218)"}, {"num": "20267", "url": "https://www.youtube.com/watch?v=EysAiY8Lg8o&list=PLI6bDyv0uVQBDIuRCrzQGFF2WaXIXvjb5&index=81", "start_time": "00:00:07,710", "end": "00:00:10,243", "subtitle": "(\ubc15\uc218)"}, {"num": "20394", "url": "https://www.youtube.com/watch?v=EysAiY8Lg8o&list=PLI6bDyv0uVQBDIuRCrzQGFF2WaXIXvjb5&index=81", "start_time": "00:09:26,509", "end": "00:09:32,716", "subtitle": "(\ubc15\uc218)"}, {"num": "20455", "url": "https://www.youtube.com/watch?v=EysAiY8Lg8o&list=PLI6bDyv0uVQBDIuRCrzQGFF2WaXIXvjb5&index=81", "start_time": "00:13:06,449", "end": "00:13:10,559", "subtitle": "(\ubc15\uc218)"}, {"num": "20457", "url": "https://www.youtube.com/watch?v=EysAiY8Lg8o&list=PLI6bDyv0uVQBDIuRCrzQGFF2WaXIXvjb5&index=81", "start_time": "00:16:47,461", "end": "00:16:53,082", "subtitle": "(\ubc15\uc218\uc640 \ud658\ud638)"}, {"num": "20458", "url": "https://www.youtube.com/watch?v=EysAiY8Lg8o&list=PLI6bDyv0uVQBDIuRCrzQGFF2WaXIXvjb5&index=81", "start_time": "00:17:00,782", "end": "00:17:02,686", "subtitle": "\uc5ec\ub7ec\ubd84 \ub2e4\uc2dc \ud55c \ubc88  \ubc15\uc218 \ubd80\ud0c1\ub4dc\ub9b4\uaed8\uc694!"}, {"num": "20459", "url": "https://www.youtube.com/watch?v=EysAiY8Lg8o&list=PLI6bDyv0uVQBDIuRCrzQGFF2WaXIXvjb5&index=81", "start_time": "00:17:02,686", "end": "00:17:05,266", "subtitle": "(\ubc15\uc218\uc640 \ud658\ud638)"}, {"num": "20483", "url": "https://www.youtube.com/watch?v=EysAiY8Lg8o&list=PLI6bDyv0uVQBDIuRCrzQGFF2WaXIXvjb5&index=81", "start_time": "00:19:30,260", "end": "00:19:34,500", "subtitle": "(\ubc15\uc218)"}, {"num": "20493", "url": "https://www.youtube.com/watch?v=EysAiY8Lg8o&list=PLI6bDyv0uVQBDIuRCrzQGFF2WaXIXvjb5&index=81", "start_time": "00:20:04,811", "end": "00:20:07,731", "subtitle": "(\ubc15\uc218)"}, {"num": "20816", "url": "https://www.youtube.com/watch?v=MpBlz_3VNIs&list=PLI6bDyv0uVQBDIuRCrzQGFF2WaXIXvjb5&index=83", "start_time": "00:00:07,723", "end": "00:00:11,583", "subtitle": "(\ud658\ud638\uc640 \ubc15\uc218)"}, {"num": "21082", "url": "https://www.youtube.com/watch?v=MpBlz_3VNIs&list=PLI6bDyv0uVQBDIuRCrzQGFF2WaXIXvjb5&index=83", "start_time": "00:15:35,195", "end": "00:15:36,465", "subtitle": "\uc624~ (\ubc15\uc218)"}, {"num": "21105", "url": "https://www.youtube.com/watch?v=2XK4kEL7D1M&list=PLI6bDyv0uVQBDIuRCrzQGFF2WaXIXvjb5&index=84", "start_time": "00:00:03,890", "end": "00:00:12,520", "subtitle": "(\ubc15\uc218)"}, {"num": "21416", "url": "https://www.youtube.com/watch?v=2XK4kEL7D1M&list=PLI6bDyv0uVQBDIuRCrzQGFF2WaXIXvjb5&index=84", "start_time": "00:14:47,754", "end": "00:14:50,380", "subtitle": "(\ubc15\uc218)"}, {"num": "21417", "url": "https://www.youtube.com/watch?v=AhfumgOTyUI&list=PLI6bDyv0uVQBDIuRCrzQGFF2WaXIXvjb5&index=85", "start_time": "00:00:07,868", "end": "00:00:12,717", "subtitle": "(\ubc15\uc218\uc640 \ud658\ud638)"}, {"num": "21420", "url": "https://www.youtube.com/watch?v=AhfumgOTyUI&list=PLI6bDyv0uVQBDIuRCrzQGFF2WaXIXvjb5&index=85", "start_time": "00:00:15,533", "end": "00:00:19,467", "subtitle": "(\ubc15\uc218\uc640 \ud658\ud638)"}, {"num": "21829", "url": "https://www.youtube.com/watch?v=B4yEaO9ZT88&index=86&list=PLI6bDyv0uVQBDIuRCrzQGFF2WaXIXvjb5", "start_time": "00:00:04,310", "end": "00:00:10,246", "subtitle": "(\ubc15\uc218)"}, {"num": "21939", "url": "https://www.youtube.com/watch?v=B4yEaO9ZT88&index=86&list=PLI6bDyv0uVQBDIuRCrzQGFF2WaXIXvjb5", "start_time": "00:07:26,315", "end": "00:07:30,045", "subtitle": "(\ubc15\uc218)"}, {"num": "21982", "url": "https://www.youtube.com/watch?v=B4yEaO9ZT88&index=86&list=PLI6bDyv0uVQBDIuRCrzQGFF2WaXIXvjb5", "start_time": "00:09:59,684", "end": "00:10:06,394", "subtitle": "(\uc6c3\uc74c\uacfc \ubc15\uc218)"}, {"num": "22039", "url": "https://www.youtube.com/watch?v=B4yEaO9ZT88&index=86&list=PLI6bDyv0uVQBDIuRCrzQGFF2WaXIXvjb5", "start_time": "00:13:15,651", "end": "00:13:21,761", "subtitle": "(\ubc15\uc218)"}, {"num": "22047", "url": "https://www.youtube.com/watch?v=B4yEaO9ZT88&index=86&list=PLI6bDyv0uVQBDIuRCrzQGFF2WaXIXvjb5", "start_time": "00:13:53,221", "end": "00:13:59,061", "subtitle": "(\ubc15\uc218)"}, {"num": "22068", "url": "https://www.youtube.com/watch?v=B4yEaO9ZT88&index=86&list=PLI6bDyv0uVQBDIuRCrzQGFF2WaXIXvjb5", "start_time": "00:15:15,941", "end": "00:15:20,941", "subtitle": "\"\ubc15\uc218 \ubc1b\uc744 \uc790\ub9ac\uc5d0 \uc11c\uc9c0 \uc54a\ub294 \uac83\ub3c4 \uc5b4\uca4c\uba74 \ud604\uba85\ud55c \uc77c\uc77c \uc218\ub3c4 \uc788\uc5b4\""}, {"num": "22090", "url": "https://www.youtube.com/watch?v=1CdWEC6WZwM&list=PLI6bDyv0uVQBDIuRCrzQGFF2WaXIXvjb5&index=87", "start_time": "00:00:04,490", "end": "00:00:10,054", "subtitle": "(\ubc15\uc218\uc640 \ud658\ud638)"}, {"num": "22092", "url": "https://www.youtube.com/watch?v=1CdWEC6WZwM&list=PLI6bDyv0uVQBDIuRCrzQGFF2WaXIXvjb5&index=87", "start_time": "00:00:20,256", "end": "00:00:23,526", "subtitle": "(\ubc15\uc218)"}, {"num": "22496", "url": "https://www.youtube.com/watch?v=v89KQY4jG5E&list=PLI6bDyv0uVQBDIuRCrzQGFF2WaXIXvjb5&index=88", "start_time": "00:00:05,043", "end": "00:00:08,290", "subtitle": "(\ubc15\uc218)"}, {"num": "22498", "url": "https://www.youtube.com/watch?v=v89KQY4jG5E&list=PLI6bDyv0uVQBDIuRCrzQGFF2WaXIXvjb5&index=88", "start_time": "00:00:15,224", "end": "00:00:17,546", "subtitle": "(\ubc15\uc218)"}, {"num": "22757", "url": "https://www.youtube.com/watch?v=HKl99Bg6be4&list=PLI6bDyv0uVQBDIuRCrzQGFF2WaXIXvjb5&index=118", "start_time": "00:00:40,620", "end": "00:00:46,720", "subtitle": "(\uad00\uac1d \ubc15\uc218)"}, {"num": "22924", "url": "https://www.youtube.com/watch?v=HKl99Bg6be4&list=PLI6bDyv0uVQBDIuRCrzQGFF2WaXIXvjb5&index=118", "start_time": "00:07:54,287", "end": "00:07:56,478", "subtitle": "\ubcf4\ud1b5 \uc0ac\ub78c\ub4e4\uc774 \uc774\ub807\uac8c \ubc15\uc218\ub97c \uccd0\uc8fc\uc138\uc694"}, {"num": "22925", "url": "https://www.youtube.com/watch?v=HKl99Bg6be4&list=PLI6bDyv0uVQBDIuRCrzQGFF2WaXIXvjb5&index=118", "start_time": "00:07:56,478", "end": "00:08:00,346", "subtitle": "\uccd0\uc8fc\uc2dc\ub294\ub370 \ud56d\uc0c1 \ubc15\uc218 \ub4a4\uc5d0\ub294 \uc501\uc4f8\ud55c \uc9c8\ubb38\uc744 \ud558\uc2ed\ub2c8\ub2e4"}, {"num": "23124", "url": "https://www.youtube.com/watch?v=t2efTQJjQ3o&list=PLI6bDyv0uVQBDIuRCrzQGFF2WaXIXvjb5&index=90", "start_time": "00:00:10,928", "end": "00:00:18,488", "subtitle": "(\ubc15\uc218\uc640 \ud658\ud638)"}, {"num": "23270", "url": "https://www.youtube.com/watch?v=t2efTQJjQ3o&list=PLI6bDyv0uVQBDIuRCrzQGFF2WaXIXvjb5&index=90", "start_time": "00:07:00,602", "end": "00:07:03,893", "subtitle": "(\ubc15\uc218)"}, {"num": "23307", "url": "https://www.youtube.com/watch?v=t2efTQJjQ3o&list=PLI6bDyv0uVQBDIuRCrzQGFF2WaXIXvjb5&index=90", "start_time": "00:08:55,378", "end": "00:08:59,530", "subtitle": "(\ubc15\uc218)"}, {"num": "23313", "url": "https://www.youtube.com/watch?v=t2efTQJjQ3o&list=PLI6bDyv0uVQBDIuRCrzQGFF2WaXIXvjb5&index=90", "start_time": "00:09:20,892", "end": "00:09:23,383", "subtitle": "(\ubc15\uc218)"}, {"num": "23695", "url": "https://www.youtube.com/watch?v=aij9Q_tEO-I&list=PLI6bDyv0uVQBDIuRCrzQGFF2WaXIXvjb5&index=92", "start_time": "00:00:04,161", "end": "00:00:08,231", "subtitle": "(\ubc15\uc218)"}, {"num": "23962", "url": "https://www.youtube.com/watch?v=TBqKHlWnaUs&list=PLI6bDyv0uVQBDIuRCrzQGFF2WaXIXvjb5&index=94", "start_time": "00:00:23,974", "end": "00:00:26,524", "subtitle": "(\ubc15\uc218)"}, {"num": "24032", "url": "https://www.youtube.com/watch?v=TBqKHlWnaUs&list=PLI6bDyv0uVQBDIuRCrzQGFF2WaXIXvjb5&index=94", "start_time": "00:05:49,343", "end": "00:05:54,333", "subtitle": "(\ubc15\uc218)"}, {"num": "24051", "url": "https://www.youtube.com/watch?v=TBqKHlWnaUs&list=PLI6bDyv0uVQBDIuRCrzQGFF2WaXIXvjb5&index=94", "start_time": "00:07:24,336", "end": "00:07:26,746", "subtitle": "(\ubc15\uc218)"}, {"num": "24058", "url": "https://www.youtube.com/watch?v=TBqKHlWnaUs&list=PLI6bDyv0uVQBDIuRCrzQGFF2WaXIXvjb5&index=94", "start_time": "00:08:02,478", "end": "00:08:06,028", "subtitle": "(\ubc15\uc218)"}, {"num": "24124", "url": "https://www.youtube.com/watch?v=TBqKHlWnaUs&list=PLI6bDyv0uVQBDIuRCrzQGFF2WaXIXvjb5&index=94", "start_time": "00:13:29,503", "end": "00:13:31,930", "subtitle": "(\ubc15\uc218)"}, {"num": "24138", "url": "https://www.youtube.com/watch?v=TBqKHlWnaUs&list=PLI6bDyv0uVQBDIuRCrzQGFF2WaXIXvjb5&index=94", "start_time": "00:14:34,624", "end": "00:14:41,189", "subtitle": "(\ubc15\uc218)"}, {"num": "24165", "url": "https://www.youtube.com/watch?v=0xK5ytIsE2Q&index=119&list=PLI6bDyv0uVQBDIuRCrzQGFF2WaXIXvjb5", "start_time": "00:00:04,271", "end": "00:00:15,262", "subtitle": "(\ubc15\uc218\uc640 \ud658\ud638)"}, {"num": "24271", "url": "https://www.youtube.com/watch?v=0xK5ytIsE2Q&index=119&list=PLI6bDyv0uVQBDIuRCrzQGFF2WaXIXvjb5", "start_time": "00:06:28,812", "end": "00:06:31,504", "subtitle": "\ubb3c\ub860 \uc77c\ub4f1\uc740 \ubc15\uc218\ub97c \ubc1b\uc2b5\ub2c8\ub2e4"}, {"num": "24272", "url": "https://www.youtube.com/watch?v=0xK5ytIsE2Q&index=119&list=PLI6bDyv0uVQBDIuRCrzQGFF2WaXIXvjb5", "start_time": "00:06:31,504", "end": "00:06:37,310", "subtitle": "\uaf34\ub4f1\uc740\uc694 \ubc15\uc218\ub294 \uae30\ubcf8\uc801\uc73c\ub85c \ubc1b\uace0 \ub2e4\ub978 \uc0ac\ub78c\ub4e4\ud55c\ud14c \uac10\ub3d9\uc744 \uc90d\ub2c8\ub2e4"}, {"num": "24409", "url": "https://www.youtube.com/watch?v=0xK5ytIsE2Q&index=119&list=PLI6bDyv0uVQBDIuRCrzQGFF2WaXIXvjb5", "start_time": "00:15:37,882", "end": "00:15:41,424", "subtitle": "(\ubc15\uc218)"}, {"num": "24411", "url": "https://www.youtube.com/watch?v=ZL-UCOjf4iQ&index=96&list=PLI6bDyv0uVQBDIuRCrzQGFF2WaXIXvjb5", "start_time": "00:00:15,021", "end": "00:00:20,759", "subtitle": "(\ubc15\uc218\uc640 \ud658\ud638)"}, {"num": "24428", "url": "https://www.youtube.com/watch?v=ZL-UCOjf4iQ&index=96&list=PLI6bDyv0uVQBDIuRCrzQGFF2WaXIXvjb5", "start_time": "00:01:10,473", "end": "00:01:13,555", "subtitle": "(\ubc15\uc218)"}, {"num": "24507", "url": "https://www.youtube.com/watch?v=ZL-UCOjf4iQ&index=96&list=PLI6bDyv0uVQBDIuRCrzQGFF2WaXIXvjb5", "start_time": "00:05:04,534", "end": "00:05:08,520", "subtitle": "(\uc6c3\uc74c\uacfc \ubc15\uc218)"}, {"num": "24589", "url": "https://www.youtube.com/watch?v=ZL-UCOjf4iQ&index=96&list=PLI6bDyv0uVQBDIuRCrzQGFF2WaXIXvjb5", "start_time": "00:08:48,025", "end": "00:08:51,380", "subtitle": "(\ubc15\uc218)"}, {"num": "24614", "url": "https://www.youtube.com/watch?v=ZL-UCOjf4iQ&index=96&list=PLI6bDyv0uVQBDIuRCrzQGFF2WaXIXvjb5", "start_time": "00:09:45,742", "end": "00:09:47,664", "subtitle": "(\ubc15\uc218)"}, {"num": "24657", "url": "https://www.youtube.com/watch?v=ZL-UCOjf4iQ&index=96&list=PLI6bDyv0uVQBDIuRCrzQGFF2WaXIXvjb5", "start_time": "00:11:45,510", "end": "00:11:49,164", "subtitle": "(\uc6c3\uc74c\uacfc \ubc15\uc218)"}, {"num": "25081", "url": "https://www.youtube.com/watch?v=wbVMLu1iXWo&index=98&list=PLI6bDyv0uVQBDIuRCrzQGFF2WaXIXvjb5", "start_time": "00:03:57,561", "end": "00:03:58,825", "subtitle": "\ud55c\ubc88 \ubc15\uc218 \ud55c\ubc88 \uce60\uae4c\uc694"}, {"num": "25082", "url": "https://www.youtube.com/watch?v=wbVMLu1iXWo&index=98&list=PLI6bDyv0uVQBDIuRCrzQGFF2WaXIXvjb5", "start_time": "00:03:58,825", "end": "00:04:01,829", "subtitle": "(\ubc15\uc218)"}, {"num": "25214", "url": "https://www.youtube.com/watch?v=wbVMLu1iXWo&index=98&list=PLI6bDyv0uVQBDIuRCrzQGFF2WaXIXvjb5", "start_time": "00:11:06,296", "end": "00:11:09,501", "subtitle": "\ubc15\uc218 \uce58\uba74\uc11c \ud798\ucc28\uac8c  \ubd88\ub7ec \ubcf4\ub3c4\ub85d \ud558\uaca0\uc2b5\ub2c8\ub2e4"}, {"num": "25306", "url": "https://www.youtube.com/watch?v=dnGyOipKyfk&index=99&list=PLI6bDyv0uVQBDIuRCrzQGFF2WaXIXvjb5", "start_time": "00:02:22,054", "end": "00:02:25,055", "subtitle": "(\ubc15\uc218)"}, {"num": "25379", "url": "https://www.youtube.com/watch?v=dnGyOipKyfk&index=99&list=PLI6bDyv0uVQBDIuRCrzQGFF2WaXIXvjb5", "start_time": "00:05:56,479", "end": "00:05:59,261", "subtitle": "(\uc6c3\uc74c\uacfc \ubc15\uc218)"}, {"num": "26116", "url": "https://www.youtube.com/watch?v=rxOz8PV_d50&list=PLI6bDyv0uVQBDIuRCrzQGFF2WaXIXvjb5&index=102", "start_time": "00:01:05,388", "end": "00:01:07,199", "subtitle": "\ubc15\uc218 \ubc1b\uace0 \uac08\ucc44\ub97c \ubc1b\uc744\uae4c?"}]